source,campaign_name,c_date,impressions,clicks,leads,orders,mark_spent,revenue,category,ctr,cpc,roas,cpl,conversion_rate,roas_prev,ctr_prev,spend_prev,roas_wow,ctr_wow,spend_wow,roas_rolling3,ctr_rolling3,is_anomaly
google_ads,google_display_retargeting,2026-03-15,13494,92,1,0,79.65,0.0,google_ads,0.006817844968133985,0.8657608695652175,0.0,79.65,0.0,0.40486898709425106,0.008020392937080328,102.28,-1.0,-0.14993629094986802,-0.22125537739538517,0.13495632903141702,0.0060513828855444695,1
google_ads,google_display_retargeting,2026-03-18,10348,53,0,0,31.14,0.0,google_ads,0.0051217626594511016,0.5875471698113207,0.0,,0.0,1.6137649988680098,0.004904426559356137,44.17,-1.0,0.04431427353731178,-0.29499660402988453,0.5379216662893366,0.004706023518082836,1
google_ads,google_display_retargeting,2026-03-27,11256,93,1,0,47.8,0.0,google_ads,0.00826226012793177,0.5139784946236559,0.0,47.8,0.0,0.3998495594240275,0.00677543015066417,93.06,-1.0,0.21944436651329824,-0.4863528906082098,0.13328318647467582,0.005328126607864425,1
google_ads,google_display_retargeting,2026-03-30,14346,103,1,1,99.4,79.58,google_ads,0.007179701658999024,0.9650485436893205,0.8006036217303822,99.4,0.009708737864077669,0.9264843228819212,0.006733224982586487,74.95,-0.13586921876883415,0.06630948432099293,0.32621747831887926,0.5756959815374345,0.006745421440285132,0
google_ads,google_display_retargeting,2026-03-31,11357,83,1,1,79.54,69.43,google_ads,0.007308268028528661,0.9583132530120483,0.8728941413125472,79.54,0.012048192771084338,0.8006036217303822,0.007179701658999024,99.4,0.09029501943286246,0.017906923662836628,-0.19979879275653922,0.8666606953082835,0.007073731556704724,0
google_ads,google_display_retargeting,2026-04-01,12533,68,0,0,57.73,0.0,google_ads,0.005425676214792946,0.848970588235294,0.0,,0.0,0.8728941413125472,0.007308268028528661,79.54,-1.0,-0.25759753287465675,-0.2742016595423687,0.5578325876809765,0.00663788196744021,1
google_ads,google_display_retargeting,2026-04-04,15451,87,1,1,102.25,51.35,google_ads,0.005630703514335642,1.1752873563218391,0.502200488997555,102.25,0.011494252873563218,0.9406848756624541,0.005970941418430306,98.12,-0.46613313130617445,-0.05698228809354299,0.042091316754993835,0.480961788220003,0.005507197187951112,0
google_ads,google_display_retargeting,2026-04-05,10216,38,0,0,30.44,0.0,google_ads,0.0037196554424432263,0.8010526315789473,0.0,,0.0,0.502200488997555,0.005630703514335642,102.25,-1.0,-0.3393977443541346,-0.7022982885085575,0.480961788220003,0.005107100125069724,1
google_ads,google_display_retargeting,2026-04-07,11450,11,0,0,8.21,0.0,google_ads,0.0009606986899563319,0.7463636363636365,0.0,,0.0,0.7196272705826846,0.008075897757566253,84.78,-1.0,-0.8810412515368635,-0.9031611229063458,0.23987575686089488,0.004252083963321937,1
google_ads,google_search_brand,2026-03-11,687,41,1,1,65.37,56.75,google_ads,0.05967976710334789,1.594390243902439,0.8681352302279333,65.37,0.024390243902439025,2.7480112907364638,0.07675194660734148,116.91,-0.6840860031563866,-0.22243317933464124,-0.4408519373877341,1.8080732604821985,0.06821585685534469,1
google_ads,google_search_brand,2026-03-12,679,79,3,2,118.18,202.9,google_ads,0.11634756995581738,1.4959493670886077,1.7168725672702656,39.39333333333334,0.02531645569620253,0.8681352302279333,0.05967976710334789,65.37,0.9776556779287624,0.9495312331621109,0.8078629340676151,1.7776730294115541,0.08425976122216892,0
google_ads,google_search_brand,2026-03-13,656,46,3,2,83.59,99.48,google_ads,0.0701219512195122,1.8171739130434783,1.1900945089125494,27.863333333333333,0.043478260869565216,1.7168725672702656,0.11634756995581738,118.18,-0.3068242037294968,-0.39730626736647107,-0.29268911829412764,1.2583674354702494,0.08204976275955916,0
google_ads,google_search_brand,2026-03-14,704,53,2,1,61.91,101.25,google_ads,0.07528409090909091,1.1681132075471699,1.6354385398158617,30.955,0.018867924528301886,1.1900945089125494,0.0701219512195122,83.59,0.374208962034659,0.07361660079051377,-0.2593611676037804,1.5141352053328923,0.08725120402814017,0
google_ads,google_search_brand,2026-03-15,964,78,5,3,110.0,135.75,google_ads,0.08091286307053942,1.4102564102564104,1.2340909090909091,22.0,0.038461538461538464,1.6354385398158617,0.07528409090909091,61.91,-0.245406734006734,0.07476708682376891,0.7767727346147635,1.3532079859397734,0.07543963506638085,0
google_ads,google_search_brand,2026-03-16,819,81,4,3,104.44,231.47,google_ads,0.0989010989010989,1.2893827160493827,2.216296438146304,26.11,0.037037037037037035,1.2340909090909091,0.08091286307053942,110.0,0.7958939830283125,0.22231614539306835,-0.05054545454545457,1.6952752956843582,0.08503268429357641,0
google_ads,google_search_brand,2026-03-17,880,103,7,5,159.89,417.56,google_ads,0.11704545454545455,1.5523300970873786,2.6115454374882736,22.84142857142857,0.04854368932038835,2.216296438146304,0.0989010989010989,104.44,0.17833760526753062,0.18345959595959604,0.5309268479509766,2.0206442615751623,0.09895313883903095,0
google_ads,google_search_brand,2026-03-18,958,59,2,1,113.33,96.74,google_ads,0.061586638830897704,1.9208474576271186,0.8536133415688696,56.665,0.01694915254237288,2.6115454374882736,0.11704545454545455,159.89,-0.6731386215551142,-0.47382289154184487,-0.29120020013759457,1.8938184057344822,0.09251106409248372,1
google_ads,google_search_brand,2026-03-19,1109,71,6,4,99.64,241.53,google_ads,0.06402164111812443,1.4033802816901408,2.42402649538338,16.606666666666666,0.056338028169014086,0.8536133415688696,0.061586638830897704,113.33,1.8397242373557834,0.03953783374852889,-0.12079767051972115,1.963061758146841,0.08088457816482557,1
google_ads,google_search_brand,2026-03-20,850,73,5,3,94.61,272.58,google_ads,0.08588235294117647,1.296027397260274,2.881090793785012,18.922,0.0410958904109589,2.42402649538338,0.06402164111812443,99.64,0.18855581788075432,0.3414581607290804,-0.0504817342432758,2.052910210245754,0.0704968776300662,0
google_ads,google_search_brand,2026-03-21,882,85,5,3,175.87,209.78,google_ads,0.0963718820861678,2.069058823529412,1.1928128731449366,35.174,0.03529411764705882,2.881090793785012,0.08588235294117647,94.61,-0.5859856705251946,0.1221383530581183,0.8588944086248812,2.1659767207711096,0.08209195871515623,1
google_ads,google_search_brand,2026-03-22,925,58,4,2,68.37,161.06,google_ads,0.0627027027027027,1.178793103448276,2.3557115694017843,17.0925,0.034482758620689655,1.1928128731449366,0.0963718820861678,175.87,0.9749213161916856,-0.34936724960254373,-0.6112469437652811,2.1432050787772443,0.08165231257668232,1
google_ads,google_search_brand,2026-03-23,877,54,3,2,83.49,124.28,google_ads,0.06157354618015964,1.546111111111111,1.4885615043717813,27.83,0.037037037037037035,2.3557115694017843,0.0627027027027027,68.37,-0.36810536412579975,-0.018008099712971272,0.2211496270293987,1.679028648972834,0.07354937698967672,0
google_ads,google_search_brand,2026-03-24,914,93,7,4,166.12,314.78,google_ads,0.10175054704595186,1.786236559139785,1.8948952564411268,23.731428571428573,0.043010752688172046,1.4885615043717813,0.06157354618015964,83.49,0.2729707512091218,0.6525042548018478,0.9896993651934365,1.9130561100715642,0.07534226530960474,0
google_ads,google_search_brand,2026-03-25,1017,82,4,3,96.49,295.78,google_ads,0.08062930186823992,1.1767073170731708,3.0653953777593532,24.1225,0.036585365853658534,1.8948952564411268,0.10175054704595186,166.12,0.6177123074953421,-0.20757868916590014,-0.41915482783529984,2.1496173795240874,0.08131779836478381,0
google_ads,google_search_brand,2026-03-26,641,49,4,2,80.92,121.99,google_ads,0.07644305772230889,1.6514285714285715,1.5075383094414236,20.23,0.04081632653061224,3.0653953777593532,0.08062930186823992,96.49,-0.50820754791398,-0.051919637761120296,-0.16136387190382417,2.155942981213968,0.08627430221216688,1
google_ads,google_search_brand,2026-03-27,703,74,5,3,95.29,301.48,google_ads,0.10526315789473684,1.2877027027027028,3.1638157204323645,19.058,0.04054054054054054,1.5075383094414236,0.07644305772230889,80.92,1.0986635633854163,0.3770139634801289,0.1775827978250124,2.578916469211047,0.08744517249509522,0
google_ads,google_search_brand,2026-03-28,1088,55,3,2,101.69,130.74,google_ads,0.050551470588235295,1.8489090909090908,1.2856721408201397,33.89666666666667,0.03636363636363636,3.1638157204323645,0.10526315789473684,95.29,-0.5936324190700839,-0.5197610294117647,0.06716339594920759,1.9856753902313091,0.07741922873509367,1
google_ads,google_search_brand,2026-03-29,409,31,1,1,51.97,72.55,google_ads,0.07579462102689487,1.6764516129032259,1.3959976909755627,51.97,0.03225806451612903,1.2856721408201397,0.050551470588235295,101.69,0.085811574080656,0.49935541231384756,-0.48893696528665553,1.9484951840760225,0.07720308316995567,1
google_ads,google_search_brand,2026-03-30,634,43,3,2,74.14,169.16,google_ads,0.06782334384858044,1.7241860465116279,2.281629349878608,24.713333333333335,0.046511627906976744,1.3959976909755627,0.07579462102689487,51.97,0.6344076817807205,-0.1051694311590517,0.4265922647681355,1.6544330605581035,0.0647231451545702,0
google_ads,google_search_brand,2026-03-31,804,75,5,3,105.52,247.19,google_ads,0.09328358208955224,1.4069333333333334,2.3425890826383626,21.104,0.04,2.281629349878608,0.06782334384858044,74.14,0.02671763174987118,0.3753904894133983,0.4232533045589425,2.0067387078308445,0.07896718232167586,0
google_ads,google_search_brand,2026-04-01,797,49,2,1,74.61,104.5,google_ads,0.06148055207026349,1.5226530612244897,1.4006165393378904,37.305,0.02040816326530612,2.3425890826383626,0.09328358208955224,105.52,-0.4021074589144618,-0.34092848180677543,-0.2929302501895375,2.0082783239516204,0.07419582600279873,1
google_ads,google_search_brand,2026-04-02,846,43,2,1,46.34,80.73,google_ads,0.0508274231678487,1.0776744186046512,1.7421234354769097,23.17,0.023255813953488372,1.4006165393378904,0.06148055207026349,74.61,0.2438261198175333,-0.1732764027596855,-0.37890363222088186,1.8284430191510541,0.06853051910922149,1
google_ads,google_search_brand,2026-04-03,903,99,7,5,145.27,494.01,google_ads,0.10963455149501661,1.4673737373737374,3.4006333035038203,20.752857142857145,0.050505050505050504,1.7421234354769097,0.0508274231678487,46.34,0.9520047972794133,1.1569960596461408,2.1348726801899005,2.181124426106207,0.07398084224437627,0
google_ads,google_search_brand,2026-04-04,646,62,6,4,96.41,275.34,google_ads,0.09597523219814241,1.555,2.855927808318639,16.06833333333333,0.06451612903225806,3.4006333035038203,0.10963455149501661,145.27,-0.16017766297352543,-0.12458954873815554,-0.3363392303985683,2.666228182433123,0.08547906895366925,0
google_ads,google_search_brand,2026-04-05,620,55,5,3,60.72,325.77,google_ads,0.08870967741935484,1.1039999999999999,5.365118577075099,12.144,0.05454545454545454,2.855927808318639,0.09597523219814241,96.41,0.8785904046481088,-0.07570239334027049,-0.37018981433461257,3.8738932296325195,0.09810648703750462,0
google_ads,google_search_brand,2026-04-06,924,54,3,2,78.69,190.58,google_ads,0.05844155844155844,1.4572222222222222,2.421908755877494,26.23,0.037037037037037035,5.365118577075099,0.08870967741935484,60.72,-0.5485824365138551,-0.34120425029515944,0.2959486166007905,3.547651713757077,0.08104215601968523,1
google_ads,google_search_brand,2026-04-07,1212,139,12,8,198.12,783.26,google_ads,0.11468646864686469,1.4253237410071942,3.953462547950737,16.51,0.05755395683453238,2.421908755877494,0.05844155844155844,78.69,0.6323746872612208,0.9624129079574625,1.5177277926038888,3.9134966269677762,0.08727923483592599,0
google_ads,google_search_brand,2026-04-08,814,91,3,2,98.82,167.78,google_ads,0.11179361179361179,1.085934065934066,1.6978344464683264,32.94,0.02197802197802198,3.953462547950737,0.11468646864686469,198.12,-0.5705449524623947,-0.025224046806780667,-0.5012113870381587,2.6910685834321857,0.09497387962734498,1
google_ads,google_search_brand,2026-04-09,787,77,6,4,92.73,297.58,google_ads,0.09783989834815757,1.2042857142857144,3.209101693087458,15.455,0.05194805194805195,1.6978344464683264,0.11179361179361179,98.82,0.8901146102688198,-0.12481673345713996,-0.06162720097146316,2.9534662291688405,0.10810665959621135,0
google_ads,google_search_nonbrand,2026-03-11,2732,103,1,1,366.06,61.83,google_ads,0.037701317715959005,3.553980582524272,0.16890673660055727,366.06,0.009708737864077669,0.36179275858875826,0.05579171094580234,431.96,-0.5331395319812087,-0.32424876246252526,-0.15256042226132044,0.2653497475946578,0.04674651433088067,1
google_ads,google_search_nonbrand,2026-03-12,1389,58,0,0,112.07,0.0,google_ads,0.04175665946724262,1.9322413793103448,0.0,,0.0,0.16890673660055727,0.037701317715959005,366.06,-1.0,0.10756498703404697,-0.6938480030596077,0.17689983172977186,0.04508322937633465,1
google_ads,google_search_nonbrand,2026-03-14,2678,105,4,2,451.8,120.65,google_ads,0.039208364451082896,4.302857142857143,0.26704293935369633,112.95,0.01904761904761905,0.7407262957184955,0.036077705827937095,230.76,-0.6394850015488273,0.08677543516975923,0.9578783151326055,0.33592307835739726,0.03901424324875421,1
google_ads,google_search_nonbrand,2026-03-15,1890,82,2,1,383.95,57.87,google_ads,0.04338624338624339,4.682317073170732,0.15072275035811955,191.975,0.012195121951219513,0.26704293935369633,0.039208364451082896,451.8,-0.4355860869308047,0.10655580750818859,-0.15017706949977871,0.3861639951434371,0.03955743788842112,1
google_ads,google_search_nonbrand,2026-03-16,1268,54,1,1,200.28,66.48,google_ads,0.04258675078864353,3.708888888888889,0.33193529059316956,200.28,0.018518518518518517,0.15072275035811955,0.04338624338624339,383.95,1.2022905620053128,-0.01842732938370403,-0.47836957937231406,0.2499003267683285,0.04172711954198994,0
google_ads,google_search_nonbrand,2026-03-17,1040,41,2,1,145.48,67.11,google_ads,0.03942307692307692,3.548292682926829,0.46130052240857855,72.74,0.024390243902439025,0.33193529059316956,0.04258675078864353,200.28,0.3897302741875769,-0.0742877492877493,-0.2736169362891952,0.3146528544532892,0.041798690365987955,0
google_ads,google_search_nonbrand,2026-03-18,3095,93,3,2,283.37,124.9,google_ads,0.030048465266558966,3.046989247311828,0.4407664890425945,94.45666666666666,0.021505376344086023,0.46130052240857855,0.03942307692307692,145.48,-0.04451335380842432,-0.23779502738484573,0.947827880120979,0.41133410068144755,0.03735276432609314,0
google_ads,google_search_nonbrand,2026-03-19,2113,112,4,2,247.97,147.8,google_ads,0.053005205868433505,2.2140178571428573,0.5960398435294593,61.9925,0.017857142857142856,0.4407664890425945,0.030048465266558966,283.37,0.35228030793389,0.7639904533634592,-0.12492500970462647,0.4993689516602107,0.040825582686023126,0
google_ads,google_search_nonbrand,2026-03-20,1642,96,1,1,372.39,79.85,google_ads,0.058465286236297195,3.8790625,0.21442573645908858,372.39,0.010416666666666666,0.5960398435294593,0.053005205868433505,247.97,-0.6402493242912031,0.10301026622585693,0.5017542444650562,0.4170773563437142,0.04717298579042989,1
google_ads,google_search_nonbrand,2026-03-21,1555,49,1,1,168.48,74.15,google_ads,0.031511254019292605,3.4383673469387754,0.44011158594491934,168.48,0.02040816326530612,0.21442573645908858,0.058465286236297195,372.39,1.0525128802758739,-0.4610262593783494,-0.5475710948199468,0.4168590553111557,0.047660582041341104,1
google_ads,google_search_nonbrand,2026-03-22,2357,105,2,1,361.38,47.28,google_ads,0.044548154433602036,3.4417142857142857,0.13083181138967293,180.69,0.009523809523809525,0.44011158594491934,0.031511254019292605,168.48,-0.7027303630083332,0.41372204376022786,1.14494301994302,0.26178971126456024,0.04484156489639728,1
google_ads,google_search_nonbrand,2026-03-23,2178,99,4,3,432.28,148.0,google_ads,0.045454545454545456,4.366464646464646,0.34237068566669754,108.07,0.030303030303030304,0.13083181138967293,0.044548154433602036,361.38,1.6168764464092884,0.02034632034632039,0.19619237367867612,0.3044380276670966,0.04050465130248003,0
google_ads,google_search_nonbrand,2026-03-24,2379,76,1,1,251.6,71.23,google_ads,0.031946195880622114,3.3105263157894735,0.2831081081081081,251.6,0.013157894736842105,0.34237068566669754,0.045454545454545456,432.28,-0.17309477720964214,-0.2971836906263135,-0.4179698343666142,0.2521035350548262,0.0406496319229232,1
google_ads,google_search_nonbrand,2026-03-25,1634,68,1,1,240.48,102.16,google_ads,0.0416156670746634,3.536470588235294,0.42481703260146375,240.48,0.014705882352941176,0.2831081081081081,0.031946195880622114,251.6,0.5005470363965784,0.3026798943503187,-0.044197138314785396,0.3500986087920898,0.039672136136610324,0
google_ads,google_search_nonbrand,2026-03-26,1832,64,3,2,190.55,152.15,google_ads,0.034934497816593885,2.97734375,0.7984780897402256,63.51666666666667,0.03125,0.42481703260146375,0.0416156670746634,240.48,0.8795811572115255,-0.16054456717184695,-0.2076264138389886,0.5021344101499325,0.03616545359062647,0
google_ads,google_search_nonbrand,2026-03-27,1536,60,1,0,54.42,0.0,google_ads,0.0390625,0.907,0.0,54.42,0.0,0.7984780897402256,0.034934497816593885,190.55,-1.0,0.11816406250000006,-0.7144056678037259,0.40776504078056314,0.038537554963752434,1
google_ads,google_search_nonbrand,2026-03-29,1895,66,3,2,199.88,150.71,google_ads,0.034828496042216356,3.0284848484848483,0.7540024014408646,66.62666666666667,0.030303030303030304,0.4573422589374733,0.04168534289556253,280.84,0.6486611213068546,-0.16449059494425064,-0.2882780230736362,0.40378155345944594,0.03852544631259296,0
google_ads,google_search_nonbrand,2026-03-30,2058,108,4,2,326.89,133.93,google_ads,0.052478134110787174,3.026759259259259,0.40970968827434306,81.7225,0.018518518518518517,0.7540024014408646,0.034828496042216356,199.88,-0.45662018119384457,0.5067585475748743,0.6354312587552531,0.5403514495508936,0.04299732434952202,1
google_ads,google_search_nonbrand,2026-03-31,2048,94,5,3,267.47,164.73,google_ads,0.0458984375,2.845425531914894,0.6158821550080382,53.49400000000001,0.031914893617021274,0.40970968827434306,0.052478134110787174,326.89,0.5032159908204107,-0.12537977430555558,-0.1817736853375752,0.5931980815744152,0.04440168921766784,0
google_ads,google_search_nonbrand,2026-04-01,1926,61,2,1,197.82,61.54,google_ads,0.03167185877466251,3.242950819672131,0.3110908907087251,98.91,0.01639344262295082,0.6158821550080382,0.0458984375,267.47,-0.4948856884728786,-0.30995780031373593,-0.26040303585448843,0.44556091133036874,0.04334947679514989,1
google_ads,google_search_nonbrand,2026-04-02,2155,117,3,2,489.78,139.43,google_ads,0.054292343387471,4.186153846153846,0.2846788353954837,163.26,0.017094017094017096,0.3110908907087251,0.03167185877466251,197.82,-0.08490141017330854,0.7142139895781827,1.475887170154686,0.403883960370749,0.04395421322071117,1
google_ads,google_search_nonbrand,2026-04-03,1799,75,2,1,263.26,58.4,google_ads,0.04168982768204558,3.510133333333333,0.22183392843576694,131.63,0.013333333333333334,0.2846788353954837,0.054292343387471,489.78,-0.22075721531040726,-0.2321232593606135,-0.4624933643676753,0.27253455151332523,0.04255134328139303,0
google_ads,google_search_nonbrand,2026-04-04,1580,53,1,0,95.45,0.0,google_ads,0.03354430379746835,1.8009433962264152,0.0,95.45,0.0,0.22183392843576694,0.04168982768204558,263.26,-1.0,-0.19538396624472573,-0.6374306768973639,0.16883758794375017,0.04317549162232831,1
google_ads,google_search_nonbrand,2026-04-07,2684,81,3,2,327.96,87.24,google_ads,0.030178837555886736,4.0488888888888885,0.26600804976216613,109.32,0.024691358024691357,0.9848952518552571,0.028450106157112527,152.27,-0.7299123442202772,0.06076361856885465,1.1538057398042947,0.4169677672058077,0.02709727774380429,1
google_ads,google_search_nonbrand,2026-04-08,2192,86,3,2,158.76,100.87,google_ads,0.03923357664233577,1.8460465116279068,0.6353615520282188,52.919999999999995,0.023255813953488372,0.26600804976216613,0.030178837555886736,327.96,1.3885049816961785,0.30003604577813825,-0.5159165751920965,0.628754951215214,0.03262084011844501,0
google_ads,google_search_nonbrand,2026-04-09,1603,62,1,1,165.65,52.03,google_ads,0.03867747972551466,2.671774193548387,0.3140959855116209,165.65,0.016129032258064516,0.6353615520282188,0.03923357664233577,158.76,-0.5056421268977404,-0.014174005135719306,0.04339884101788873,0.4051551957673352,0.03602996464124572,1
meta_ads,meta_facebook_feed,2026-03-12,3310,63,1,1,72.99,50.36,meta_ads,0.019033232628398792,1.1585714285714286,0.6899575284285518,72.99,0.015873015873015872,0.36713055003313455,0.024536082474226804,120.72,0.8793247480120662,-0.22427581304425093,-0.39537773359840955,0.3523626928205621,0.01797701108796387,0
meta_ads,meta_facebook_feed,2026-03-13,4302,50,0,0,73.88,0.0,meta_ads,0.011622501162250116,1.4775999999999998,0.0,,0.0,0.6899575284285518,0.019033232628398792,72.99,-1.0,-0.38935747861828757,0.012193451157692844,0.3523626928205621,0.018397272088291904,1
meta_ads,meta_facebook_feed,2026-03-15,3846,55,1,1,62.31,66.69,meta_ads,0.014300572022880915,1.1329090909090909,1.0702936928261915,62.31,0.01818181818181818,0.2665471144440822,0.018377946464242907,122.68,3.01540153626658,-0.2218623527549797,-0.49209325073361593,0.44561360242342457,0.014767006549791314,0
meta_ads,meta_facebook_feed,2026-03-16,3603,64,1,1,67.92,43.27,meta_ads,0.017762975298362477,1.06125,0.6370730270906949,67.92,0.015625,1.0702936928261915,0.014300572022880915,62.31,-0.40476802642043475,0.2421164181364016,0.0900337024554646,0.657971278120323,0.016813831261828765,0
meta_ads,meta_facebook_feed,2026-03-17,4761,4,0,0,3.31,0.0,meta_ads,0.0008401596303297626,0.8275,0.0,,0.0,0.6370730270906949,0.017762975298362477,67.92,-1.0,-0.9527016383112791,-0.951266195524146,0.5691222399722955,0.010967902317191051,1
meta_ads,meta_facebook_feed,2026-03-19,4264,64,0,0,34.64,0.0,meta_ads,0.0150093808630394,0.54125,0.0,,0.0,0.9502970297029704,0.01848629839060461,50.5,-1.0,-0.18808078578523335,-0.31405940594059406,0.3167656765676568,0.011445279627991259,1
meta_ads,meta_facebook_feed,2026-03-21,4337,67,2,2,101.38,146.21,meta_ads,0.015448466682038276,1.5131343283582088,1.4421976721246796,50.69,0.029850746268656716,0.7017335146159075,0.008244846970643347,58.84,1.0551928076487322,0.8737117543896425,0.722977566281441,0.7146437289135291,0.012900898171907009,0
meta_ads,meta_facebook_feed,2026-03-22,5161,101,1,1,122.95,67.65,meta_ads,0.01956985080410773,1.2173267326732673,0.5502236681577878,122.95,0.009900990099009901,1.4421976721246796,0.015448466682038276,101.38,-0.6184824876695403,0.26678273040918254,0.2127638587492603,0.8980516182994583,0.014421054818929786,1
meta_ads,meta_facebook_feed,2026-03-23,4969,79,1,1,65.8,55.44,meta_ads,0.015898571141074663,0.8329113924050633,0.8425531914893617,65.8,0.012658227848101266,0.5502236681577878,0.01956985080410773,122.95,0.5312921639854694,-0.18759875585063038,-0.46482309882065886,0.9449915105906097,0.01697229620907356,0
meta_ads,meta_facebook_feed,2026-03-24,6670,113,2,2,227.59,100.23,meta_ads,0.016941529235382308,2.014070796460177,0.44039720550112044,113.795,0.017699115044247787,0.8425531914893617,0.015898571141074663,65.8,-0.47730634700624597,0.0656007439318315,2.458814589665654,0.61105802171609,0.0174699837268549,1
meta_ads,meta_facebook_feed,2026-03-25,5870,28,0,0,36.43,0.0,meta_ads,0.004770017035775128,1.3010714285714287,0.0,,0.0,0.44039720550112044,0.016941529235382308,227.59,-1.0,-0.7184423572688486,-0.8399314556878598,0.42765013233016075,0.012536705804077368,1
meta_ads,meta_facebook_feed,2026-03-27,3494,31,0,0,41.24,0.0,meta_ads,0.008872352604464796,1.3303225806451613,0.0,,0.0,0.6050955414012739,0.016574585635359115,94.2,-1.0,-0.4647013928639573,-0.562208067940552,0.20169851380042458,0.01007231842519968,1
meta_ads,meta_facebook_feed,2026-03-31,5940,120,3,3,118.59,145.67,meta_ads,0.020202020202020204,0.9882500000000001,1.2283497765410236,39.53,0.025,1.1029994340690437,0.02036761053154496,106.02,0.11364497442174888,-0.008130081300812966,0.11856253537068485,0.7771164035366892,0.01588789758030732,0
meta_ads,meta_facebook_feed,2026-04-01,2647,53,1,1,93.02,48.87,meta_ads,0.020022667170381564,1.7550943396226415,0.5253708879810793,93.02,0.018867924528301886,1.2283497765410236,0.020202020202020204,118.59,-0.5722953689457253,-0.008877975066112669,-0.21561683109874363,0.9522400328637155,0.020197432634648908,1
meta_ads,meta_facebook_feed,2026-04-02,5029,107,1,1,199.53,50.86,meta_ads,0.02127659574468085,1.864766355140187,0.25489901267979753,199.53,0.009345794392523364,0.5253708879810793,0.020022667170381564,93.02,-0.5148208275122822,0.06262545162585305,1.1450225757901527,0.6695398924006334,0.020500427705694203,1
meta_ads,meta_facebook_feed,2026-04-03,5418,39,0,0,52.41,0.0,meta_ads,0.007198228128460687,1.3438461538461537,0.0,,0.0,0.25489901267979753,0.02127659574468085,199.53,-1.0,-0.6616832779623477,-0.737332731920012,0.26008996688695896,0.01616583034784103,1
meta_ads,meta_facebook_feed,2026-04-07,5751,92,1,1,110.24,49.46,meta_ads,0.015997217875152146,1.1982608695652173,0.44865747460087085,110.24,0.010869565217391304,0.8535612535612536,0.018988434317279475,105.3,-0.4743699146031186,-0.1575283349931238,0.04691358024691356,0.4340729093873748,0.017473424122259273,0
meta_ads,meta_facebook_feed,2026-04-08,5902,56,0,0,75.85,0.0,meta_ads,0.009488309047780414,1.3544642857142857,0.0,,0.0,0.44865747460087085,0.015997217875152146,110.24,-1.0,-0.4068775507197265,-0.311955732946299,0.4340729093873748,0.014824653746737346,1
meta_ads,meta_facebook_lookalike,2026-03-11,3707,89,3,3,179.98,232.67,meta_ads,0.024008632317237658,2.022247191011236,1.2927547505278365,59.99333333333333,0.033707865168539325,1.660245384703589,0.02828802351212344,87.21,-0.22134718009853838,-0.1512792575646636,1.0637541566334137,1.4765000676157127,0.02614832791468055,0
meta_ads,meta_facebook_lookalike,2026-03-12,3976,131,7,7,279.19,392.53,meta_ads,0.0329476861167002,2.1312213740458015,1.4059600988574088,39.88428571428572,0.05343511450381679,1.2927547505278365,0.024008632317237658,179.98,0.0875690832181047,0.3723266565686253,0.5512279142126904,1.452986744696278,0.0284147806486871,0
meta_ads,meta_facebook_lookalike,2026-03-13,3411,108,3,3,235.81,208.86,meta_ads,0.0316622691292876,2.183425925925926,0.8857130740850685,78.60333333333334,0.027777777777777776,1.4059600988574088,0.0329476861167002,279.19,-0.3700297221771322,-0.039013877419484734,-0.15537805795336507,1.194809307823438,0.02953952918774182,1
meta_ads,meta_facebook_lookalike,2026-03-14,2743,79,1,1,208.21,64.64,meta_ads,0.028800583302952973,2.6355696202531647,0.31045578982757793,208.21,0.012658227848101266,0.8857130740850685,0.0316622691292876,235.81,-0.6494849190881875,-0.090381577348402,-0.11704338238412279,0.8673763209233517,0.031136846182980262,1
meta_ads,meta_facebook_lookalike,2026-03-15,1692,66,1,1,102.49,64.33,meta_ads,0.03900709219858156,1.5528787878787877,0.6276709922919309,102.49,0.015151515151515152,0.31045578982757793,0.028800583302952973,208.21,1.0217725449428052,0.3543854924140407,-0.5077565919024063,0.6079466187348591,0.033156648210274045,0
meta_ads,meta_facebook_lookalike,2026-03-16,3162,32,1,1,62.44,54.65,meta_ads,0.010120177103099304,1.95125,0.8752402306213966,62.44,0.03125,0.6276709922919309,0.03900709219858156,102.49,0.3944251707817027,-0.7405554597205452,-0.3907698312030442,0.6044556709136352,0.02597595086821128,1
meta_ads,meta_facebook_lookalike,2026-03-17,2940,87,2,2,150.36,105.25,meta_ads,0.02959183673469388,1.7282758620689658,0.6999866985900505,75.18,0.022988505747126436,0.8752402306213966,0.010120177103099304,62.44,-0.20023477657890668,1.9240433673469388,1.408071748878924,0.7342993071677926,0.026239702012124916,0
meta_ads,meta_facebook_lookalike,2026-03-18,3023,77,2,2,144.18,148.81,meta_ads,0.02547138604035726,1.8724675324675326,1.0321126369815508,72.09,0.025974025974025976,0.6999866985900505,0.02959183673469388,150.36,0.4744746422474678,-0.13924281656723742,-0.04110135674381488,0.8691131887309993,0.02172779995938348,0
meta_ads,meta_facebook_lookalike,2026-03-19,3142,78,2,2,141.66,165.75,meta_ads,0.024824952259707194,1.816153846153846,1.1700550614146548,70.83,0.02564102564102564,1.0321126369815508,0.02547138604035726,144.18,0.1336505527502516,-0.02537882232344355,-0.017478152309613054,0.9673847989954186,0.02662939167825278,0
meta_ads,meta_facebook_lookalike,2026-03-20,3465,55,2,2,138.04,128.45,meta_ads,0.015873015873015872,2.5098181818181815,0.9305273833671399,69.02,0.03636363636363636,1.1700550614146548,0.024824952259707194,141.66,-0.20471487705707966,-0.36060236060236067,-0.025554143724410592,1.0442316939211151,0.022056451391026775,1
meta_ads,meta_facebook_lookalike,2026-03-21,3936,117,2,2,179.49,145.04,meta_ads,0.02972560975609756,1.534102564102564,0.8080673017995431,89.745,0.017094017094017096,0.9305273833671399,0.015873015873015872,138.04,-0.1316028778481204,0.8727134146341463,0.30027528252680397,0.9695499155271126,0.02347452596294021,0
meta_ads,meta_facebook_lookalike,2026-03-22,2850,90,2,2,234.56,127.97,meta_ads,0.031578947368421054,2.606222222222222,0.5455746930422919,117.28,0.022222222222222223,0.8080673017995431,0.02972560975609756,179.49,-0.32484003272089784,0.06234817813765191,0.30681375006964173,0.7613897927363249,0.02572585766584483,1
meta_ads,meta_facebook_lookalike,2026-03-23,2400,51,1,1,98.85,67.91,meta_ads,0.02125,1.938235294117647,0.6870005058168943,98.85,0.0196078431372549,0.5455746930422919,0.031578947368421054,234.56,0.2592235574307318,-0.3270833333333333,-0.5785726466575717,0.680214166886243,0.02751818570817287,1
meta_ads,meta_facebook_lookalike,2026-03-24,2820,50,1,1,86.67,34.73,meta_ads,0.01773049645390071,1.7334,0.4007153571016499,86.67,0.02,0.6870005058168943,0.02125,98.85,-0.4167175224635828,-0.16562369628702545,-0.12321699544764789,0.5444301853202788,0.023519814607440587,1
meta_ads,meta_facebook_lookalike,2026-03-25,2939,94,4,4,218.17,257.22,meta_ads,0.03198366791425655,2.3209574468085106,1.1789888618966862,54.5425,0.0425531914893617,0.4007153571016499,0.01773049645390071,86.67,1.9422103271115978,0.8038788703640695,1.5172493365639783,0.7555682416050767,0.02365472145605242,0
meta_ads,meta_facebook_lookalike,2026-03-26,3320,58,2,2,126.41,128.74,meta_ads,0.01746987951807229,2.1794827586206895,1.0184320860691403,63.205,0.034482758620689655,1.1789888618966862,0.03198366791425655,218.17,-0.13618175795931767,-0.4537874903870802,-0.4205894485951322,0.8660454350224921,0.02239468129540985,1
meta_ads,meta_facebook_lookalike,2026-03-27,3489,100,3,3,131.22,161.5,meta_ads,0.028661507595299514,1.3122,1.230757506477671,43.74,0.03,1.0184320860691403,0.01746987951807229,126.41,0.20848265025510618,0.6406242278688686,0.03805078712127207,1.1427261514811657,0.02603835167587612,0
meta_ads,meta_facebook_lookalike,2026-03-28,3591,92,4,4,101.46,283.34,meta_ads,0.025619604566972987,1.1028260869565216,2.7926276365069977,25.365,0.043478260869565216,1.230757506477671,0.028661507595299514,131.22,1.2690315694269243,-0.10613199665831254,-0.22679469593049845,1.6806057430179362,0.0239169972267816,0
meta_ads,meta_facebook_lookalike,2026-03-29,3543,45,1,1,72.5,67.37,meta_ads,0.012701100762066046,1.6111111111111112,0.9292413793103449,72.5,0.022222222222222223,2.7926276365069977,0.025619604566972987,101.46,-0.6672519575604305,-0.5042429039502264,-0.28543268283067214,1.6508755074316712,0.02232740430811285,1
meta_ads,meta_facebook_lookalike,2026-03-30,2893,24,0,0,35.08,0.0,meta_ads,0.00829588662288282,1.4616666666666667,0.0,,0.0,0.9292413793103449,0.012701100762066046,72.5,-1.0,-0.34683719322502593,-0.5161379310344828,1.2406230052724476,0.01553886398397395,1
meta_ads,meta_facebook_lookalike,2026-04-01,3016,13,0,0,38.53,0.0,meta_ads,0.004310344827586207,2.963846153846154,0.0,,0.0,1.074497648567764,0.03574374484465218,280.68,-1.0,-0.8794098143236073,-0.8627262362833119,0.3581658828559213,0.016116658765040405,1
meta_ads,meta_facebook_lookalike,2026-04-03,2396,87,2,2,155.03,133.28,meta_ads,0.03631051752921536,1.7819540229885058,0.8597045733083919,77.515,0.022988505747126436,1.5408318815331008,0.016617790811339198,91.84,-0.4420516711706401,1.1850387901404302,0.688044425087108,0.8001788182804975,0.01907955105604692,0
meta_ads,meta_facebook_lookalike,2026-04-04,684,8,0,0,13.41,0.0,meta_ads,0.011695906432748537,1.67625,0.0,,0.0,0.8597045733083919,0.03631051752921536,155.03,-1.0,-0.6778920481279828,-0.9135006127846224,0.8001788182804975,0.021541404924434366,1
meta_ads,meta_facebook_lookalike,2026-04-06,2882,64,1,1,152.18,50.63,meta_ads,0.02220680083275503,2.3778125,0.3326981206466027,152.18,0.015625,0.5214913869767136,0.033251506360187456,303.61,-0.3620256653223329,-0.33215654676795103,-0.49876486281743027,0.2847298358744388,0.022384737875230338,0
meta_ads,meta_facebook_lookalike,2026-04-07,2584,124,2,2,316.78,160.59,meta_ads,0.047987616099071206,2.5546774193548383,0.5069448828840205,158.39,0.016129032258064516,0.3326981206466027,0.02220680083275503,152.18,0.5237383424311721,1.1609423374613004,1.0816138783020106,0.45371146350244557,0.034481974430671226,0
meta_ads,meta_facebook_lookalike,2026-04-08,3790,90,3,3,146.97,275.49,meta_ads,0.023746701846965697,1.633,1.874464176362523,48.99,0.03333333333333333,0.5069448828840205,0.047987616099071206,316.78,2.6975699719043527,-0.5051493744148439,-0.5360502556979607,0.9047023932977153,0.03131370625959731,1
meta_ads,meta_facebook_lookalike,2026-04-09,4586,112,1,1,193.98,69.99,meta_ads,0.02442215438290449,1.7319642857142856,0.36081039282400246,193.98,0.008928571428571428,1.874464176362523,0.023746701846965697,146.97,-0.8075127829200928,0.0284440567912003,0.3198611961624821,0.9140731506901819,0.03205215744298046,1
meta_ads,meta_instagram_stories,2026-03-11,8028,152,1,1,221.55,45.54,meta_ads,0.018933731938216243,1.4575657894736842,0.2055517941773866,221.55,0.006578947368421052,0.5296061212068516,0.02286351596263767,230.02,-0.6118779864005709,-0.1718801268730176,-0.036822884966524645,0.36757895769211907,0.020898623950426957,1
meta_ads,meta_instagram_stories,2026-03-12,11318,87,1,1,108.74,60.29,meta_ads,0.007686870471814808,1.2498850574712643,0.5544417877505978,108.74,0.011494252873563218,0.2055517941773866,0.018933731938216243,221.55,1.697333730262296,-0.5940118674491495,-0.5091852854886031,0.429866567711612,0.016494706124222908,1
meta_ads,meta_instagram_stories,2026-03-13,7423,100,1,1,63.06,30.14,meta_ads,0.013471642193183348,0.6306,0.4779575007928957,63.06,0.01,0.5544417877505978,0.007686870471814808,108.74,-0.13794827274474258,0.7525522568097603,-0.4200846054809637,0.41265036090696006,0.0133640815344048,0
meta_ads,meta_instagram_stories,2026-03-14,7666,158,2,2,114.76,64.02,meta_ads,0.020610487868510306,0.7263291139240506,0.557859881491809,57.38,0.012658227848101266,0.4779575007928957,0.013471642193183348,63.06,0.1671746558352181,0.52991651447952,0.8198541071994926,0.5300863900117675,0.013923000177836153,0
meta_ads,meta_instagram_stories,2026-03-15,8325,160,2,2,191.46,120.33,meta_ads,0.01921921921921922,1.196625,0.6284863679097461,95.73,0.0125,0.557859881491809,0.020610487868510306,114.76,0.12660255515967608,-0.0675029459839587,0.6683513419309864,0.5547679167314836,0.017767116426970958,0
meta_ads,meta_instagram_stories,2026-03-16,7555,155,3,3,132.2,152.57,meta_ads,0.020516214427531435,0.8529032258064515,1.1540847201210287,44.06666666666666,0.01935483870967742,0.6284863679097461,0.01921921921921922,191.46,0.8362923669440054,0.06748428193249503,-0.30951634806225853,0.780143656507528,0.020115307171753652,0
meta_ads,meta_instagram_stories,2026-03-17,7699,149,2,2,117.82,65.34,meta_ads,0.019353162748408884,0.790738255033557,0.5545747750806316,58.91,0.013422818791946308,1.1540847201210287,0.020516214427531435,132.2,-0.5194678818531855,-0.05668938990819921,-0.10877458396369136,0.7790486210371356,0.01969619879838651,1
meta_ads,meta_instagram_stories,2026-03-18,7859,240,5,5,189.2,280.02,meta_ads,0.03053823641684693,0.7883333333333333,1.4800211416490485,37.839999999999996,0.020833333333333332,0.5545747750806316,0.019353162748408884,117.82,1.6687494782536099,0.577945517941641,0.6058394160583942,1.0628935456169029,0.023469204530929082,0
meta_ads,meta_instagram_stories,2026-03-19,5753,126,2,2,97.42,115.16,meta_ads,0.02190161654788806,0.7731746031746032,1.1820981318004515,48.71,0.015873015873015872,1.4800211416490485,0.03053823641684693,189.2,-0.2012964554794463,-0.2828133147922823,-0.4850951374207188,1.0722313495100437,0.02393100523771462,0
meta_ads,meta_instagram_stories,2026-03-20,5255,171,2,2,142.17,79.82,meta_ads,0.03254043767840152,0.8314035087719297,0.5614405289442217,71.085,0.011695906432748537,1.1820981318004515,0.02190161654788806,97.42,-0.5250474441668455,0.4857550632051106,0.4593512625744199,1.0745199341312406,0.02832676354771217,1
meta_ads,meta_instagram_stories,2026-03-21,10025,203,2,2,245.25,96.64,meta_ads,0.020249376558603493,1.208128078817734,0.39404689092762485,122.625,0.009852216748768473,0.5614405289442217,0.03254043767840152,142.17,-0.2981502570385815,-0.3777165273949628,0.7250474783709645,0.7125285172240994,0.024897143594964356,1
meta_ads,meta_instagram_stories,2026-03-22,9992,73,1,1,37.98,44.35,meta_ads,0.0073058446757405925,0.5202739726027397,1.1677198525539758,37.98,0.0136986301369863,0.39404689092762485,0.020249376558603493,245.25,1.963403288895515,-0.6392064390428599,-0.8451376146788991,0.7077357574752741,0.020031886304248535,1
meta_ads,meta_instagram_stories,2026-03-23,12077,269,2,2,194.99,88.04,meta_ads,0.022273743479340895,0.7248698884758364,0.45151033386327505,97.495,0.007434944237918215,1.1677198525539758,0.0073058446757405925,37.98,-0.6133401921053622,2.048756778706496,4.1340179041600855,0.6710923591149586,0.01660965490456166,1
meta_ads,meta_instagram_stories,2026-03-24,5005,60,1,1,67.6,44.1,meta_ads,0.011988011988011988,1.1266666666666665,0.6523668639053255,67.6,0.016666666666666666,0.45151033386327505,0.022273743479340895,194.99,0.44485477956496383,-0.4617872833486216,-0.653315554643828,0.7571990167741921,0.013855866714364493,0
meta_ads,meta_instagram_stories,2026-03-25,6703,202,3,3,218.06,129.63,meta_ads,0.030135760107414592,1.0795049504950496,0.594469412088416,72.68666666666667,0.01485148514851485,0.6523668639053255,0.011988011988011988,67.6,-0.08874983543816517,1.513824655626834,2.2257396449704143,0.5661155366190055,0.021465838524922492,0
meta_ads,meta_instagram_stories,2026-03-26,8946,207,2,2,182.39,99.99,meta_ads,0.023138832997987926,0.8811111111111111,0.5482208454410878,91.195,0.00966183574879227,0.594469412088416,0.030135760107414592,218.06,-0.0777980594238708,-0.2321802099727076,-0.1635788315142622,0.5983523738116098,0.02175420169780484,0
meta_ads,meta_instagram_stories,2026-03-27,5742,143,2,2,61.07,97.1,meta_ads,0.02490421455938697,0.4270629370629371,1.5899787129523497,30.535,0.013986013986013986,0.5482208454410878,0.023138832997987926,182.39,1.9002521997737678,0.07629518574046308,-0.665168046493777,0.9108896568272845,0.02605960255492983,0
meta_ads,meta_instagram_stories,2026-03-28,9533,221,3,3,148.94,136.25,meta_ads,0.02318262876324347,0.6739366515837104,0.9147979051967235,49.64666666666667,0.013574660633484163,1.5899787129523497,0.02490421455938697,61.07,-0.4246477026739041,-0.06912829119899297,1.4388406746356641,1.0176658211967204,0.02374189210687279,0
meta_ads,meta_instagram_stories,2026-03-29,7049,97,0,0,100.77,0.0,meta_ads,0.01376081713718258,1.0388659793814432,0.0,,0.0,0.9147979051967235,0.02318262876324347,148.94,-1.0,-0.40641687887438216,-0.32341882637303615,0.8349255393830245,0.020615886819937673,1
meta_ads,meta_instagram_stories,2026-03-31,8580,150,1,1,83.97,28.35,meta_ads,0.017482517482517484,0.5598,0.33762057877813506,83.97,0.006666666666666667,0.4569517161140198,0.021932185145317546,206.28,-0.26114605357146514,-0.2028830065639881,-0.5929319371727749,0.26485743163071834,0.01772517325500587,0
meta_ads,meta_instagram_stories,2026-04-01,9665,196,1,1,125.28,42.66,meta_ads,0.020279358510087945,0.6391836734693878,0.34051724137931033,125.28,0.00510204081632653,0.33762057877813506,0.017482517482517484,83.97,0.008579638752052468,0.15997930677703037,0.4919614147909968,0.37836317875715514,0.01989802037930766,0
meta_ads,meta_instagram_stories,2026-04-02,9186,237,3,3,226.07,92.96,meta_ads,0.025800130633572827,0.9538818565400844,0.41120007077453885,75.35666666666667,0.012658227848101266,0.34051724137931033,0.020279358510087945,125.28,0.2075748913885192,0.27223603353817033,0.8045178799489143,0.36311263031066154,0.021187335542059416,0
meta_ads,meta_instagram_stories,2026-04-03,10645,196,3,3,178.34,172.75,meta_ads,0.018412400187881636,0.9098979591836734,0.9686553773690703,59.446666666666665,0.015306122448979591,0.41120007077453885,0.025800130633572827,226.07,1.3556790142192954,-0.2863446914519801,-0.21112929623567916,0.5734575631743065,0.021497296443847472,0
meta_ads,meta_instagram_stories,2026-04-04,7965,144,2,2,112.82,77.88,meta_ads,0.01807909604519774,0.7834722222222221,0.6903031377415352,56.41,0.013888888888888888,0.9686553773690703,0.018412400187881636,178.34,-0.28735941195470105,-0.018102156116684018,-0.36738813502298984,0.6900528619617149,0.020763875622217404,0
meta_ads,meta_instagram_stories,2026-04-05,9171,199,1,1,128.82,46.11,meta_ads,0.021698833278813653,0.6473366834170854,0.3579413134606428,128.82,0.005025125628140704,0.6903031377415352,0.01807909604519774,112.82,-0.48147227806073806,0.20021671573438016,0.14181882644921115,0.6722999428570828,0.019396776503964343,1
meta_ads,meta_instagram_stories,2026-04-06,6839,178,1,1,147.59,30.15,meta_ads,0.026027196958619683,0.8291573033707865,0.20428213293583575,147.59,0.0056179775280898875,0.3579413134606428,0.021698833278813653,128.82,-0.42928596042519285,0.19947448898241754,0.14570718832479437,0.417508861379338,0.02193504209421036,1
meta_ads,meta_instagram_stories,2026-04-07,8152,200,3,3,123.91,167.05,meta_ads,0.02453385672227674,0.6195499999999999,1.3481559196190784,41.303333333333335,0.015,0.20428213293583575,0.026027196958619683,147.59,5.599480337531668,-0.057376145372749286,-0.16044447455789693,0.6367931220051858,0.02408662898657003,0
meta_ads,meta_instagram_stories,2026-04-08,6057,85,1,1,116.62,52.76,meta_ads,0.014033349843156679,1.372,0.45240953524266847,116.62,0.011764705882352941,1.3481559196190784,0.02453385672227674,123.91,-0.664423433032511,-0.4280006603929338,-0.058833023969009704,0.668282529265861,0.02153146784135104,1
meta_ads,meta_instagram_stories,2026-04-09,8741,226,4,4,284.87,198.66,meta_ads,0.025855165312893263,1.260486725663717,0.6973707305086531,71.2175,0.017699115044247787,0.45240953524266847,0.014033349843156679,116.62,0.5414589573904307,0.8424086623552293,1.4427199451209054,0.8326453951234667,0.021474123959442232,0
tiktok_ads,tiktok_infeed_video,2026-03-12,13047,187,1,2,126.8,88.52,tiktok_ads,0.014332796811527554,0.6780748663101605,0.6981072555205047,126.8,0.0106951871657754,0.6779784563051753,0.01620547316924018,123.47,0.029689437810497203,-0.11555826467734227,0.026970114197780823,0.45869523727522665,0.015924191484493363,0
tiktok_ads,tiktok_infeed_video,2026-03-13,11293,155,2,3,113.23,161.15,tiktok_ads,0.013725316567785353,0.730516129032258,1.4232093968029673,56.615,0.01935483870967742,0.6981072555205047,0.014332796811527554,126.8,1.0386686795596054,-0.04238392909146787,-0.1070189274447949,0.9330983695428824,0.014754528849517695,0
tiktok_ads,tiktok_infeed_video,2026-03-14,16784,202,1,1,138.21,44.63,tiktok_ads,0.012035271687321259,0.6842079207920793,0.3229144056146444,138.21,0.0049504950495049506,1.4232093968029673,0.013725316567785353,113.23,-0.7731082957012336,-0.12313339893600654,0.22061291177249848,0.8147436859793721,0.013364461688878055,1
tiktok_ads,tiktok_infeed_video,2026-03-15,17105,133,0,0,66.61,0.0,tiktok_ads,0.007775504238526747,0.500827067669173,0.0,,0.0,0.3229144056146444,0.012035271687321259,138.21,-1.0,-0.35394028148795587,-0.5180522393459229,0.5820412674725373,0.011178697497877787,1
tiktok_ads,tiktok_infeed_video,2026-03-17,11803,120,0,0,87.36,0.0,tiktok_ads,0.010166906718630856,0.728,0.0,,0.0,1.2270606531881805,0.016775777414075287,32.15,-1.0,-0.3939531702357607,1.7172628304821151,0.4090202177293935,0.01157272945707763,1
tiktok_ads,tiktok_infeed_video,2026-03-19,17495,311,1,1,161.96,46.51,tiktok_ads,0.017776507573592455,0.5207717041800644,0.287169671523833,161.96,0.003215434083601286,1.6549986740917528,0.007605304212168487,37.71,-0.8264834431475125,1.3373828419841565,3.2948819941660035,0.6473894485385286,0.011849572834797267,1
tiktok_ads,tiktok_infeed_video,2026-03-20,4276,56,0,0,49.5,0.0,tiktok_ads,0.013096351730589336,0.8839285714285714,0.0,,0.0,0.287169671523833,0.017776507573592455,161.96,-1.0,-0.2632775770846931,-0.6943689799950605,0.6473894485385286,0.012826054505450093,1
tiktok_ads,tiktok_infeed_video,2026-03-27,13539,202,1,1,70.15,32.02,tiktok_ads,0.014919861141886401,0.3472772277227723,0.4564504632929437,70.15,0.0049504950495049506,0.4808078422109366,0.0089736399326977,84.67,-0.05065927961155632,0.6626320259989659,-0.17148931144443127,0.3124194351679601,0.00959991885010522,0
tiktok_ads,tiktok_infeed_video,2026-03-28,17118,156,0,1,91.97,42.02,tiktok_ads,0.009113214160532773,0.589551282051282,0.4568881156898989,,0.00641025641025641,0.4564504632929437,0.014919861141886401,70.15,0.0009588168534168454,-0.38918907663637026,0.3110477548111189,0.4647154737312597,0.011002238411705625,0
tiktok_ads,tiktok_infeed_video,2026-03-29,11161,163,1,2,82.77,74.37,tiktok_ads,0.014604426126691156,0.5077914110429448,0.8985139543312796,82.77,0.012269938650306749,0.4568881156898989,0.009113214160532773,91.97,0.9665951542086573,0.6025549130557641,-0.10003261933239103,0.6039508444380407,0.012879167143036776,0
tiktok_ads,tiktok_infeed_video,2026-03-30,8597,154,1,2,88.54,99.65,tiktok_ads,0.017913225543794348,0.574935064935065,1.1254800090354642,88.54,0.012987012987012988,0.8985139543312796,0.014604426126691156,82.77,0.2526015913387839,0.2265614128483971,0.06971124803672842,0.8269606930188808,0.013876955277006093,0
tiktok_ads,tiktok_infeed_video,2026-03-31,14159,201,2,3,79.75,138.56,tiktok_ads,0.014195917790804435,0.39676616915422885,1.7374294670846395,39.875,0.014925373134328358,1.1254800090354642,0.017913225543794348,88.54,0.54372308094003,-0.20751749839256026,-0.09927716286424221,1.2538078101504613,0.015571189820429978,0
tiktok_ads,tiktok_infeed_video,2026-04-01,11824,112,1,1,82.32,47.76,tiktok_ads,0.009472259810554804,0.735,0.5801749271137027,82.32,0.008928571428571428,1.7374294670846395,0.014195917790804435,79.75,-0.6660728172826372,-0.332747628568928,0.03222570532915352,1.1476948010779353,0.013860467715051195,1
tiktok_ads,tiktok_infeed_video,2026-04-02,13351,184,1,2,119.84,85.74,tiktok_ads,0.013781739195565875,0.6513043478260869,0.7154539385847797,119.84,0.010869565217391304,0.5801749271137027,0.009472259810554804,82.32,0.2331693514300473,0.4549578950747402,0.45578231292517024,1.0110194442610405,0.012483305598975038,1
tiktok_ads,tiktok_infeed_video,2026-04-03,11949,99,0,0,100.04,0.0,tiktok_ads,0.008285212151644489,1.0105050505050506,0.0,,0.0,0.7154539385847797,0.013781739195565875,119.84,-1.0,-0.39882680740975235,-0.1652202937249666,0.43187628856616084,0.010513070385921723,1
tiktok_ads,tiktok_infeed_video,2026-04-05,9934,61,0,0,36.9,0.0,tiktok_ads,0.006140527481377089,0.6049180327868853,0.0,,0.0,0.6049403461603092,0.01027601864021986,59.51,-1.0,-0.40244099428319935,-0.3799361451856831,0.20164678205343642,0.00823391942441381,1
tiktok_ads,tiktok_infeed_video,2026-04-07,14073,195,1,1,135.55,43.6,tiktok_ads,0.01385632061394159,0.6951282051282052,0.3216525267428993,135.55,0.005128205128205128,0.6977060856813658,0.012852950106264548,95.47,-0.5389856368691698,0.07806538571934535,0.4198177437938621,0.3397862041414217,0.010949932733861077,0
tiktok_ads,tiktok_infeed_video,2026-04-08,6978,106,0,1,67.47,47.17,tiktok_ads,0.015190599025508742,0.6365094339622641,0.6991255372758264,,0.009433962264150943,0.3216525267428993,0.01385632061394159,135.55,1.1735428114160154,0.09629384659479241,-0.5022500922168942,0.5728280499000306,0.013966623248571626,0
tiktok_ads,tiktok_infeed_video,2026-04-09,13518,155,0,1,115.9,44.52,tiktok_ads,0.011466193223849681,0.747741935483871,0.3841242450388266,,0.0064516129032258064,0.6991255372758264,0.015190599025508742,67.47,-0.45056470611045946,-0.24517833664129174,0.7178005039276717,0.46830076968585077,0.013504370954433338,0
tiktok_ads,tiktok_spark_ads,2026-03-11,10403,150,1,1,67.95,36.55,tiktok_ads,0.01441891761991733,0.453,0.5378955114054451,67.95,0.006666666666666667,0.8634930643127365,0.016960316153466163,31.72,-0.37707025842348607,-0.14984381839069957,1.1421815889029006,0.7006942878590908,0.015689616886691748,1
tiktok_ads,tiktok_spark_ads,2026-03-12,6593,61,0,0,32.95,0.0,tiktok_ads,0.009252237221295314,0.5401639344262296,0.0,,0.0,0.5378955114054451,0.01441891761991733,67.95,-1.0,-0.3583265079124323,-0.515084621044886,0.4671295252393939,0.013543823664892936,1
tiktok_ads,tiktok_spark_ads,2026-03-14,7439,106,1,1,35.7,29.46,tiktok_ads,0.014249227046646055,0.3367924528301887,0.8252100840336134,35.7,0.009433962264150943,0.9917062921596815,0.023485641204511104,90.43,-0.16788862735102966,-0.3932791988702836,-0.6052195068008405,0.6056387920644316,0.01566236849081749,0
tiktok_ads,tiktok_spark_ads,2026-03-15,6270,111,0,1,66.35,32.31,tiktok_ads,0.01770334928229665,0.5977477477477477,0.4869630746043708,,0.009009009009009009,0.8252100840336134,0.014249227046646055,35.7,-0.4098919971698561,0.24240769161325273,0.8585434173669465,0.7679598169325552,0.0184794058444846,1
tiktok_ads,tiktok_spark_ads,2026-03-16,11098,163,1,1,90.55,40.82,tiktok_ads,0.014687331050639754,0.555521472392638,0.4508006626173385,90.55,0.006134969325153374,0.4869630746043708,0.01770334928229665,66.35,-0.07426109672979252,-0.17036427308548419,0.36473247927656377,0.5876579404184409,0.015546635793194152,1
tiktok_ads,tiktok_spark_ads,2026-03-17,5527,115,0,1,56.15,46.82,tiktok_ads,0.02080694771123575,0.48826086956521736,0.8338379341050757,,0.008695652173913044,0.4508006626173385,0.014687331050639754,90.55,0.8496821394712054,0.4166595441674501,-0.37990060739922693,0.5905338904422617,0.01773254268139072,0
tiktok_ads,tiktok_spark_ads,2026-03-18,8771,159,0,0,73.6,0.0,tiktok_ads,0.018127921559685328,0.46289308176100624,0.0,,0.0,0.8338379341050757,0.02080694771123575,56.15,-1.0,-0.1287563264314712,0.31077471059661615,0.4282128655741381,0.01787406677385361,1
tiktok_ads,tiktok_spark_ads,2026-03-20,8814,139,2,3,39.35,71.86,tiktok_ads,0.01577036532788745,0.28309352517985614,1.8261753494282082,19.675,0.02158273381294964,0.37411297189894976,0.018022591699454246,70.46,3.8813473111043835,-0.12496684212376599,-0.441527107578768,0.7334294404423861,0.01730695952900901,0
tiktok_ads,tiktok_spark_ads,2026-03-21,9412,126,2,3,98.97,91.29,tiktok_ads,0.013387165320866978,0.7854761904761904,0.9224007274931798,49.485,0.023809523809523808,1.8261753494282082,0.01577036532788745,39.35,-0.49490024176375413,-0.1511188838984061,1.5151207115628968,1.0408963496067793,0.015726707449402893,0
tiktok_ads,tiktok_spark_ads,2026-03-22,4287,66,0,0,43.84,0.0,tiktok_ads,0.015395381385584325,0.6642424242424243,0.0,,0.0,0.9224007274931798,0.013387165320866978,98.97,-1.0,0.1500105523898386,-0.5570374861069011,0.9161920256404628,0.014850970678112918,1
tiktok_ads,tiktok_spark_ads,2026-03-24,8897,197,1,1,99.01,53.62,tiktok_ads,0.02214229515567045,0.5025888324873097,0.5415614584385415,99.01,0.005076142131979695,0.7536388974914835,0.019892150988615936,64.58,-0.28140458216640624,0.11311718719319235,0.5331371941777642,0.43173345197667495,0.019143275843290238,0
tiktok_ads,tiktok_spark_ads,2026-03-25,10591,144,2,3,54.4,119.22,tiktok_ads,0.01359644981588141,0.37777777777777777,2.1915441176470587,27.2,0.020833333333333332,0.5415614584385415,0.02214229515567045,99.01,3.0467135973188233,-0.38595119790915283,-0.4505605494394506,1.1622481578590278,0.0185436319867226,1
tiktok_ads,tiktok_spark_ads,2026-03-26,7275,128,0,1,59.18,24.13,tiktok_ads,0.017594501718213057,0.46234375,0.4077391010476512,,0.0078125,2.1915441176470587,0.01359644981588141,54.4,-0.8139489423167906,0.29405116456662833,0.08786764705882355,1.0469482257110838,0.017777748896588303,1
tiktok_ads,tiktok_spark_ads,2026-03-27,7109,90,0,1,27.57,19.57,tiktok_ads,0.012660008440005626,0.30633333333333335,0.7098295248458469,,0.011111111111111112,0.4077391010476512,0.017594501718213057,59.18,0.7408914745286873,-0.28045655155436766,-0.5341331530922608,1.1030375811801856,0.014616986658033362,1
tiktok_ads,tiktok_spark_ads,2026-03-28,8800,89,1,1,26.91,41.55,tiktok_ads,0.010113636363636363,0.30235955056179775,1.5440356744704569,26.91,0.011235955056179775,0.7098295248458469,0.012660008440005626,27.57,1.1752204162059527,-0.20113510101010104,-0.023939064200217634,0.8872014334546517,0.01345604884061835,1
tiktok_ads,tiktok_spark_ads,2026-03-29,7798,238,2,3,134.04,109.18,tiktok_ads,0.03052064631956912,0.5631932773109244,0.8145329752312743,67.02,0.012605042016806723,1.5440356744704569,0.010113636363636363,26.91,-0.4724649250668208,2.0177717709236886,3.9810479375696763,1.0227993915158595,0.017764763707737035,1
tiktok_ads,tiktok_spark_ads,2026-03-30,8992,73,0,0,27.59,0.0,tiktok_ads,0.008118327402135231,0.37794520547945204,0.0,,0.0,0.8145329752312743,0.03052064631956912,134.04,-1.0,-0.7340053904123928,-0.7941659206207102,0.786189549900577,0.016250870028446905,1
tiktok_ads,tiktok_spark_ads,2026-04-01,10334,222,3,5,129.43,220.13,tiktok_ads,0.02148248500096768,0.583018018018018,1.7007648922197325,43.14333333333334,0.02252252252252252,0.9214673913043478,0.01602613972304341,36.8,0.8457135958031894,0.34046535049727444,2.5171195652173917,0.8740774278413602,0.015208984042048774,0
tiktok_ads,tiktok_spark_ads,2026-04-02,6674,117,0,1,58.55,48.47,tiktok_ads,0.017530716212166616,0.5004273504273504,0.8278394534585825,,0.008547008547008548,1.7007648922197325,0.02148248500096768,129.43,-0.5132546201737866,-0.18395305704265855,-0.5476319245924438,1.1500239123275542,0.018346446978725905,1
tiktok_ads,tiktok_spark_ads,2026-04-03,9550,167,2,4,76.43,109.1,tiktok_ads,0.017486910994764397,0.45766467065868266,1.4274499542064631,38.215,0.023952095808383235,0.8278394534585825,0.017530716212166616,58.55,0.7243077123744257,-0.0024987694097641667,0.3053800170794195,1.3186847666282595,0.01883337073596623,0
tiktok_ads,tiktok_spark_ads,2026-04-04,9881,232,2,3,132.31,40.39,tiktok_ads,0.023479404918530514,0.570301724137931,0.30526793137329,66.155,0.01293103448275862,1.4274499542064631,0.017486910994764397,76.43,-0.7861445646667227,0.342684532766266,0.7311265209996074,0.8535191130127787,0.019499010708487176,1
tiktok_ads,tiktok_spark_ads,2026-04-05,10072,151,2,3,74.54,115.52,tiktok_ads,0.014992057188244638,0.4936423841059603,1.5497719345317948,37.27,0.019867549668874173,0.30526793137329,0.023479404918530514,132.31,4.076759709282045,-0.36148052984032214,-0.43662610535862745,1.0941632733705162,0.018652791033846518,0
tiktok_ads,tiktok_spark_ads,2026-04-06,11391,196,2,3,59.42,106.57,tiktok_ads,0.017206566587656923,0.3031632653061225,1.7935038707505888,29.71,0.015306122448979591,1.5497719345317948,0.014992057188244638,74.54,0.15726955095004244,0.14771217662834787,-0.20284411054467405,1.2161812455518912,0.018559342898144027,0
tiktok_ads,tiktok_spark_ads,2026-04-07,10383,193,2,3,77.54,124.49,tiktok_ads,0.018588076663777327,0.4017616580310881,1.605493938612329,38.77,0.015544041450777202,1.7935038707505888,0.017206566587656923,59.42,-0.10482828345364922,0.08028970039330369,0.30494782901380013,1.6495899146315711,0.01692890014655963,0
tiktok_ads,tiktok_spark_ads,2026-04-08,9195,130,1,2,41.89,59.84,tiktok_ads,0.014138118542686243,0.3222307692307692,1.4285032227261878,41.89,0.015384615384615385,1.605493938612329,0.018588076663777327,77.54,-0.11024066278264433,-0.23939852420356852,-0.45976270312096984,1.6091670106963687,0.016644253931373497,0
tiktok_ads,tiktok_spark_ads,2026-04-09,9629,178,2,3,99.23,90.18,tiktok_ads,0.018485824073112472,0.5574719101123595,0.9087977426181598,49.615,0.016853932584269662,1.4285032227261878,0.014138118542686243,41.89,-0.36381120591118465,0.30751655655591675,1.3688231081403677,1.314264967985559,0.017070673093192015,1
tiktok_ads,tiktok_topview,2026-03-11,38094,329,0,1,780.47,39.2,tiktok_ads,0.008636530687247335,2.3722492401215804,0.050226145783950696,,0.00303951367781155,0.13645687522559402,0.013546835520107157,1135.89,-0.6319266017126983,-0.3624687718081175,-0.3129000167269718,0.09334151050477235,0.011091683103677245,1
tiktok_ads,tiktok_topview,2026-03-12,51956,335,1,2,219.69,70.91,tiktok_ads,0.006447763492185695,0.6557910447761194,0.32277299831580863,219.69,0.005970149253731343,0.050226145783950696,0.008636530687247335,780.47,5.426393928457632,-0.2534312994792648,-0.7185157661409151,0.1698186731084511,0.00954370989984673,1
tiktok_ads,tiktok_topview,2026-03-13,60585,747,4,6,1889.38,235.42,tiktok_ads,0.012329784600148552,2.529290495314592,0.12460172119954693,472.345,0.008032128514056224,0.32277299831580863,0.006447763492185695,219.69,-0.6139648550228675,0.912257578165129,7.600209385952934,0.16586695509976876,0.009138026259860528,1
tiktok_ads,tiktok_topview,2026-03-14,31809,267,2,3,568.64,162.93,tiktok_ads,0.008393850796944262,2.129737827715356,0.28652574563871697,284.32,0.011235955056179775,0.12460172119954693,0.012329784600148552,1889.38,1.2995328064517844,-0.3192216190992395,-0.6990335453958442,0.24463348838469087,0.009057132963092837,0
tiktok_ads,tiktok_topview,2026-03-15,53905,300,1,2,958.38,44.47,tiktok_ads,0.005565346442816066,3.1946,0.04640121872326217,958.38,0.006666666666666667,0.28652574563871697,0.008393850796944262,568.64,-0.8380556741251102,-0.3369733895148456,0.6853897017445133,0.15250956185384204,0.008762993946636292,1
tiktok_ads,tiktok_topview,2026-03-16,52811,517,2,4,1611.13,95.84,tiktok_ads,0.009789627161008124,3.116305609284333,0.059486199127320574,805.565,0.007736943907156673,0.04640121872326217,0.005565346442816066,958.38,0.28199648121523474,0.7590328403804762,0.6810972683069347,0.13080438782976658,0.00791627480025615,1
tiktok_ads,tiktok_topview,2026-03-17,49789,445,0,1,944.34,48.32,tiktok_ads,0.008937717166442387,2.1221123595505618,0.051168011521274114,,0.0022471910112359553,0.059486199127320574,0.009789627161008124,1611.13,-0.1398339064871623,-0.08702169965766174,-0.41386480296437905,0.05235180979061895,0.00809756359008886,0
tiktok_ads,tiktok_topview,2026-03-18,42169,368,1,2,696.98,159.62,tiktok_ads,0.008726789821907088,1.8939673913043478,0.2290166145370025,696.98,0.005434782608695652,0.051168011521274114,0.008937717166442387,944.34,3.47577710620598,-0.02359968889228767,-0.26193955566850924,0.11322360839519907,0.009151378049785866,0
tiktok_ads,tiktok_topview,2026-03-19,50163,380,2,4,772.69,181.84,tiktok_ads,0.007575304507306182,2.0333947368421055,0.23533370433162068,386.345,0.010526315789473684,0.2290166145370025,0.008726789821907088,696.98,0.027583543697863522,-0.13194832671577608,0.1086257855318661,0.17183944346329913,0.008413270498551886,0
tiktok_ads,tiktok_topview,2026-03-20,38424,261,1,2,547.56,82.91,tiktok_ads,0.00679262960649594,2.0979310344827584,0.15141719628899117,547.56,0.007662835249042145,0.23533370433162068,0.007575304507306182,772.69,-0.35658516607709745,-0.10331926591932677,-0.29135875965781893,0.20525583838587144,0.007698241311903071,1
tiktok_ads,tiktok_topview,2026-03-21,45068,424,2,4,1620.74,190.31,tiktok_ads,0.009408005680305316,3.8225000000000002,0.11742167158211682,810.37,0.009433962264150943,0.15141719628899117,0.00679262960649594,547.56,-0.22451561341811746,0.3850314569350631,1.959931331726204,0.1680575240675762,0.00792531326470248,1
tiktok_ads,tiktok_topview,2026-03-22,43480,489,4,6,945.57,240.09,tiktok_ads,0.01124655013799448,1.9336809815950922,0.25391033979504424,236.3925,0.012269938650306749,0.11742167158211682,0.009408005680305316,1620.74,1.1623805586643896,0.19542340004513026,-0.4165813147080963,0.1742497358887174,0.009149061808265246,0
tiktok_ads,tiktok_topview,2026-03-23,47400,549,4,7,832.85,379.56,tiktok_ads,0.011582278481012658,1.5170309653916212,0.4557363270697004,208.2125,0.012750455373406194,0.25391033979504424,0.01124655013799448,945.57,0.7948710849568772,0.02985167352644254,-0.11920851972884083,0.2756894461489538,0.010745611433104152,0
tiktok_ads,tiktok_topview,2026-03-24,45055,235,0,1,428.83,52.9,tiktok_ads,0.005215847297747198,1.8248085106382979,0.12335890679290162,,0.00425531914893617,0.4557363270697004,0.011582278481012658,832.85,-0.7293195660173145,-0.5496700147300234,-0.4851053611094435,0.27766852455254876,0.00934822530558478,1
tiktok_ads,tiktok_topview,2026-03-25,47560,427,2,3,762.67,134.9,tiktok_ads,0.008978132884777123,1.7861124121779859,0.17687859755857713,381.335,0.00702576112412178,0.12335890679290162,0.005215847297747198,428.83,0.4338534780915808,0.7213182005260991,0.7784903108457897,0.2519912771403931,0.008592086221178992,1
tiktok_ads,tiktok_topview,2026-03-26,50774,419,2,3,1256.57,50.97,tiktok_ads,0.008252255091188404,2.998973747016706,0.040562801913144514,628.285,0.007159904534606206,0.17687859755857713,0.008978132884777123,762.67,-0.7706743355441221,-0.08084952661142733,0.6475933234557542,0.11360010208820776,0.0074820784245709085,1
tiktok_ads,tiktok_topview,2026-03-27,52827,360,2,4,570.63,200.1,tiktok_ads,0.006814697029927878,1.5850833333333334,0.3506650544135429,285.315,0.011111111111111112,0.040562801913144514,0.008252255091188404,1256.57,7.644990924552198,-0.17420184487456317,-0.5458828397940425,0.18936881796175484,0.008015028335297802,0
tiktok_ads,tiktok_topview,2026-03-28,59038,59,0,0,172.1,0.0,tiktok_ads,0.0009993563467597141,2.9169491525423727,0.0,,0.0,0.3506650544135429,0.006814697029927878,570.63,-1.0,-0.8533527840825682,-0.6984035189176874,0.13040928544222913,0.005355436155958665,1
tiktok_ads,tiktok_topview,2026-03-30,58516,616,6,9,1905.79,451.48,tiktok_ads,0.010527035340761501,3.093814935064935,0.23689913369258944,317.63166666666666,0.01461038961038961,0.14150002374958437,0.00849186394041463,842.12,0.6741985436824727,0.2396613293179424,1.2630860209946326,0.1261330524807246,0.006672751875978616,0
tiktok_ads,tiktok_topview,2026-03-31,49951,228,1,1,588.17,58.39,tiktok_ads,0.004564473183720046,2.57969298245614,0.0992740194161552,588.17,0.0043859649122807015,0.23689913369258944,0.010527035340761501,1905.79,-0.5809439322603119,-0.5664046869828536,-0.6913773290866254,0.15922439228610966,0.007861124154965392,1
tiktok_ads,tiktok_topview,2026-04-01,33936,308,1,2,897.2,101.2,tiktok_ads,0.009075907590759076,2.912987012987013,0.1127953633526527,897.2,0.006493506493506494,0.0992740194161552,0.004564473183720046,588.17,0.1362022411907815,0.9883800880088011,0.5254093204345684,0.14965617215379912,0.008055805371746874,1
tiktok_ads,tiktok_topview,2026-04-02,56716,426,2,4,1012.14,167.81,tiktok_ads,0.007511107976585091,2.3759154929577466,0.16579722172821942,506.07,0.009389671361502348,0.1127953633526527,0.009075907590759076,897.2,0.4698939459936608,-0.1724124665798973,0.12810967454302266,0.12595553483234245,0.007050496250354738,0
tiktok_ads,tiktok_topview,2026-04-03,57152,541,3,4,1138.01,144.01,tiktok_ads,0.009465985442329227,2.1035304990757857,0.12654546093619562,379.33666666666664,0.0073937153419593345,0.16579722172821942,0.007511107976585091,1012.14,-0.23674558827268322,0.2602648599698225,0.12436026636631296,0.13504601533902258,0.008684333669891131,0
tiktok_ads,tiktok_topview,2026-04-04,59371,356,0,1,892.82,28.46,tiktok_ads,0.005996193427767765,2.507921348314607,0.03187652606348424,,0.0028089887640449437,0.12654546093619562,0.009465985442329227,1138.01,-0.7481021774494431,-0.3665537028026186,-0.21545504872540658,0.10807306957596645,0.0076577622822273615,1
tiktok_ads,tiktok_topview,2026-04-05,66157,757,6,10,2077.98,413.01,tiktok_ads,0.01144247774234019,2.7450198150594454,0.19875552218981896,346.33,0.013210039630118891,0.03187652606348424,0.005996193427767765,892.82,5.235168844747511,0.9082902978665154,1.3274344212719247,0.11905916972983295,0.008968218870812393,0
tiktok_ads,tiktok_topview,2026-04-06,57413,542,2,4,846.8,125.05,tiktok_ads,0.009440370647762701,1.562361623616236,0.14767359470949457,423.4,0.007380073800738007,0.19875552218981896,0.01144247774234019,2077.98,-0.2570088464336565,-0.17497146506732228,-0.592488859373045,0.12610188098759925,0.008959680605956885,0
tiktok_ads,tiktok_topview,2026-04-07,32824,108,0,0,254.26,0.0,tiktok_ads,0.0032902754082378746,2.3542592592592593,0.0,,0.0,0.14767359470949457,0.009440370647762701,846.8,-1.0,-0.6514675608613264,-0.6997401983939537,0.11547637229977119,0.008057707932780255,1
tiktok_ads,tiktok_topview,2026-04-09,58594,58,0,0,139.88,0.0,tiktok_ads,0.0009898624432535755,2.4117241379310346,0.0,,0.0,0.14117080389802586,0.011760829341241476,1432.52,-1.0,-0.9158339591084411,-0.9023538938374333,0.047056934632675296,0.0053469890642443086,1
